{
  "transacoes": [
    {
      "transacao": "Depósito",
      "valor": "150",
      "data": "18/11/2022",
      "mes": "Novembro",
      "id": 1
    },
    {
      "transacao": "Depósito",
      "valor": "100",
      "data": "21/11/2022",
      "mes": "Novembro",
      "id": 2
    },
    {
      "transacao": "Depósito",
      "valor": "500",
      "data": "05/01/2023",
      "mes": "Janeiro",
      "id": 3
    },
    {
      "transacao": "Transferência",
      "valor": "1500",
      "data": "05/01/2023",
      "mes": "Janeiro",
      "id": 4
    },
    {
      "transacao": "Transferência",
      "valor": "250",
      "data": "05/01/2023",
      "mes": "Janeiro",
      "id": 5
    }
  ],
  "saldo": {
    "valor": 3750
  }
}